username,nickname,followers,source,profile_url
ronjamemselius,ronjamemselius,1628,following:krogocompany,https://tiktok.com/@ronjamemselius
beirutbites_asecs,Beirut Bites,735,following:krogocompany,https://tiktok.com/@beirutbites_asecs
antonpavlovinho,Anton Pavlov,135,following:krogocompany,https://tiktok.com/@antonpavlovinho
nikolayaman,Nikola,113,following:krogocompany,https://tiktok.com/@nikolayaman
sagadahlgren1,Saga,312,following:krogocompany,https://tiktok.com/@sagadahlgren1
coolalunia,Ida-Li,308,following:krogocompany,https://tiktok.com/@coolalunia
landhskonditori,Landhs konditori,480,following:krogocompany,https://tiktok.com/@landhskonditori
tuvsannnnn,tuvasan,184,following:krogocompany,https://tiktok.com/@tuvsannnnn
majsankalajsan_,Majsan,123,following:krogocompany,https://tiktok.com/@majsankalajsan_
ubbevakt,ubbevakt,859,following:krogocompany,https://tiktok.com/@ubbevakt
kakashi_otf_,SexyAsianBoy,169,following:krogocompany,https://tiktok.com/@kakashi_otf_
ketokungen.se,ketokungen.se,624,following:krogocompany,https://tiktok.com/@ketokungen.se
marreparre10111,Mariella,268,following:krogocompany,https://tiktok.com/@marreparre10111
thiiildaa,Thilda,1290,following:krogocompany,https://tiktok.com/@thiiildaa
pametuglavu123,Pamet u glavu :),476,following:krogocompany,https://tiktok.com/@pametuglavu123
kayakomat.jonkoping,Kayakomat Jönköping,286,following:krogocompany,https://tiktok.com/@kayakomat.jonkoping
krogoco.ua,Krog&Co UA,57,following:krogocompany,https://tiktok.com/@krogoco.ua
majdfarha235,Majd Farha,560,following:krogocompany,https://tiktok.com/@majdfarha235
lindstroms_malmborgs,Malmborgs&Lindströms konditori,872,following:krogocompany,https://tiktok.com/@lindstroms_malmborgs
scienceparkjkpg,Science Park Jönköping,165,following:krogocompany,https://tiktok.com/@scienceparkjkpg
jonkopingcity,jkpgcity,2633,following:krogocompany,https://tiktok.com/@jonkopingcity
restaurangneo,RestaurangNeo,340,following:krogocompany,https://tiktok.com/@restaurangneo
krogcompanyvarnamo,krogcompanyvarnamo,758,following:krogocompany,https://tiktok.com/@krogcompanyvarnamo
salaralsendi,S,1250,following:krogocompany,https://tiktok.com/@salaralsendi
kappaorebro,Kappa Bar Örebro,96,following:kappabar,https://tiktok.com/@kappaorebro
kappabargbg,KappabarGBG,555,following:kappabar,https://tiktok.com/@kappabargbg
sandy.zaiterrr,sandy.zaiterrr,165,following:beirutbites,https://tiktok.com/@sandy.zaiterrr
janiekhoury,Jani Ekhoury,842,following:beirutbites,https://tiktok.com/@janiekhoury
najahjaafar0,Najah Jaafar,197,following:beirutbites,https://tiktok.com/@najahjaafar0
ameenameen2734,Amin,162,following:beirutbites,https://tiktok.com/@ameenameen2734
bnmarrl,باسم عادل رجب,647,following:beirutbites,https://tiktok.com/@bnmarrl
nanofarhatsounble,Nano Farhat Sounbleh,163,following:beirutbites,https://tiktok.com/@nanofarhatsounble
rhs123451,البنفسجية,842,following:beirutbites,https://tiktok.com/@rhs123451
mirna33808,Mirna,192,following:beirutbites,https://tiktok.com/@mirna33808
abo.ali.snks,user85598216475,603,following:beirutbites,https://tiktok.com/@abo.ali.snks
ali2888203263156,Ali,125,following:beirutbites,https://tiktok.com/@ali2888203263156
user4536763818544,user4536763818544,183,following:beirutbites,https://tiktok.com/@user4536763818544
randa8274,Randa,59,following:beirutbites,https://tiktok.com/@randa8274
tuline122,♥️💐🕊️🌸 🌸💐🕊️❤️,131,following:beirutbites,https://tiktok.com/@tuline122
abuali_b1,tarek,767,following:beirutbites,https://tiktok.com/@abuali_b1
sarahd160196,Sarah,726,following:beirutbites,https://tiktok.com/@sarahd160196
zena.khazma.kouai,Zena Khazma Kouaider Lereve,123,following:beirutbites,https://tiktok.com/@zena.khazma.kouai
zahraatabikh6,zahraatabikh6,210,following:beirutbites,https://tiktok.com/@zahraatabikh6
mouhamadalihamoud,abou ali,426,following:beirutbites,https://tiktok.com/@mouhamadalihamoud
splashsignsdesigns,splashsignsdesigns,109,following:beirutbites,https://tiktok.com/@splashsignsdesigns
joumana.n.t,joumana.n.t,113,following:beirutbites,https://tiktok.com/@joumana.n.t
qoraan90,قران كريم,3875,following:beirutbites,https://tiktok.com/@qoraan90
hassan.ezze,Hassan.ezze,978,following:beirutbites,https://tiktok.com/@hassan.ezze
blackmamba2003,#chefblackmamba,505,following:beirutbites,https://tiktok.com/@blackmamba2003
fayefayzark,faye,872,following:beirutbites,https://tiktok.com/@fayefayzark
emma_manar25,Imanzahr,536,following:beirutbites,https://tiktok.com/@emma_manar25
mnankali,Peace for world,63,following:beirutbites,https://tiktok.com/@mnankali
itzyourboydanny,itzyourboydanny,1862,following:beirutbites,https://tiktok.com/@itzyourboydanny
gangsterbo4,Black boy,52,following:beirutbites,https://tiktok.com/@gangsterbo4
kaz2yeditzam,☆cuz☆,362,following:beirutbites,https://tiktok.com/@kaz2yeditzam
hanaachokr,hanaachokr,1495,following:beirutbites,https://tiktok.com/@hanaachokr
lavender_bookshop,Lavender Bookshop,1294,following:beirutbites,https://tiktok.com/@lavender_bookshop
abravo_amini,Andrea Bravo Amini,83,following:beirutbites,https://tiktok.com/@abravo_amini
fn_mrfox2138,FOXY FV,147,following:beirutbites,https://tiktok.com/@fn_mrfox2138
alialhadi.nazha,Ali Al Hadi Nazha,887,following:beirutbites,https://tiktok.com/@alialhadi.nazha
amal.mashhadi,Amal Mashhadi,102,following:beirutbites,https://tiktok.com/@amal.mashhadi
doraid.hellani,Doraid Hellani,77,following:beirutbites,https://tiktok.com/@doraid.hellani
danielahmad2.0,ItsYourBoyDanny2.0,1124,following:beirutbites,https://tiktok.com/@danielahmad2.0
miko5561,miko5561,3670,following:mexik,https://tiktok.com/@miko5561
mikyjauregui,Micaela Jauregui,54,following:mexik,https://tiktok.com/@mikyjauregui
karinrossi,Karin Rossi,273,following:mexik,https://tiktok.com/@karinrossi
denisacracut,denisacracut,268,following:mexik,https://tiktok.com/@denisacracut
greeetax,Greta,107,following:mexik,https://tiktok.com/@greeetax
ivyves__,ivana,194,following:mexik,https://tiktok.com/@ivyves__
edieeeee49,edieeeee49,2373,following:sushikungensushikungen,https://tiktok.com/@edieeeee49
user7819610234195,Mr.Mieo,265,following:sushikungensushikungen,https://tiktok.com/@user7819610234195
hdtalkreality,HD Talk Reality,1581,following:sushikungensushikungen,https://tiktok.com/@hdtalkreality
myasianflavors,Myasianflavors,1241,following:sushikungensushikungen,https://tiktok.com/@myasianflavors
chiliz.se,Chiliz,67,following:sushikungensushikungen,https://tiktok.com/@chiliz.se
elsaaedvinsson_1,elsaaedvinsson_1,309,following:karlacafee,https://tiktok.com/@elsaaedvinsson_1
mersha21.06,Mersha21.06,51,following:karlacafee,https://tiktok.com/@mersha21.06
ivansseafoodboil,Ivans grill,270,following:karlacafee,https://tiktok.com/@ivansseafoodboil
swagcooling123,Stella,61,following:karlacafee,https://tiktok.com/@swagcooling123
fyre.se,fyre.se,1481,following:karlacafee,https://tiktok.com/@fyre.se
hildashaughnessy,hildashaughnessy,216,following:karlacafee,https://tiktok.com/@hildashaughnessy
pataka.stockholm,Pataka Resturang,105,following:karlacafee,https://tiktok.com/@pataka.stockholm
italienskanrestaurang,Italienskan,89,following:karlacafee,https://tiktok.com/@italienskanrestaurang
ciaociaogrande,CiaoCiaoGrande,1727,following:karlacafee,https://tiktok.com/@ciaociaogrande
andreas.b230,andreas.b230,77,following:karlacafee,https://tiktok.com/@andreas.b230
karamgkarmo,Karam,271,following:karlacafee,https://tiktok.com/@karamgkarmo
fadihuss1975,Fadi,363,following:karlacafee,https://tiktok.com/@fadihuss1975
prettypersonyeah57,ebba iwarsson,448,following:karlacafee,https://tiktok.com/@prettypersonyeah57
omayma_cafe,omayma_nytorget,958,following:karlacafee,https://tiktok.com/@omayma_cafe
ebba.wester,Ebba.wester,658,following:karlacafee,https://tiktok.com/@ebba.wester
lollosadarangani13,Lollo,1149,following:karlacafee,https://tiktok.com/@lollosadarangani13
ameliasamuelsson,ameliasamuelsson,1427,following:karlacafee,https://tiktok.com/@ameliasamuelsson
bauer_powerr,Thea Bauer,793,following:karlacafee,https://tiktok.com/@bauer_powerr
mollyseipel,Mollyseipel,245,following:karlacafee,https://tiktok.com/@mollyseipel
yolowproow,Alvinaam,700,following:karlacafee,https://tiktok.com/@yolowproow
dosmoy321,arkoudakis,211,following:karlacafee,https://tiktok.com/@dosmoy321
spyvm0,spyvm0,1429,following:karlacafee,https://tiktok.com/@spyvm0
malinsvensson13,𝕸𝖆𝖑𝖎𝖓ツ,320,following:karlacafee,https://tiktok.com/@malinsvensson13
emmasadiii,emmasadiii,489,following:karlacafee,https://tiktok.com/@emmasadiii
mattepatte100,Mathilda Andersson,673,following:karlacafee,https://tiktok.com/@mattepatte100
deniseedman,Denise,1164,following:karlacafee,https://tiktok.com/@deniseedman
krubburgers,KRUBB Burgers,1875,following:restaurangsukai,https://tiktok.com/@krubburgers
stortorgskallaren,Stortorgskällaren,443,following:restaurangsukai,https://tiktok.com/@stortorgskallaren
fratelli.stockhol,Fratelli Stockholm,1925,following:restaurangsukai,https://tiktok.com/@fratelli.stockhol
lightvisionmarketing,lightvisionmarketing,1343,following:restaurangsukai,https://tiktok.com/@lightvisionmarketing
